query-id,product1,product2,product3,product4,product5
198,103041161,103052720,103001446,103026826,103015982
344,103024094,103044156,103057992,103020618,103011352
819,103066197,103016250,103006325,103011724,103012299
346,103019781,103003480,103030291,103033453,103011401
347,103004554,103055361,103006856,103058052,103015285
340,103011548,103025624,103000184,103057020,103025736
341,103057708,103034782,103016471,103017073,103014176
342,103050534,103064995,103016815,103044754,103013229
343,103059988,103009668,103031651,103023594,103057768
810,103018072,103050868,103065027,103034562,103024417
811,103011557,103019800,103024718,103012252,103056926
812,103064642,103052635,103019690,103010460,103043257
813,103061224,103052268,103013157,103048418,103022594
348,103026725,103005634,103009656,103028714,103066989
815,103062870,103045892,103018113,103000412,103020648
816,103018220,103063660,103015013,103053093,103044389
817,103011007,103018018,103027577,103062295,103018771
719,103043837,103032285,103028469,103007751,103050745
718,103034531,103007106,103047973,103050464,103037649
717,103042589,103016973,103045734,103027391,103060657
716,103042664,103006842,103056742,103032201,103063057
715,103013624,103042213,103052488,103022189,103053493
714,103029955,103016694,103014078,103051159,103026425
713,103008331,103066515,103050261,103040064,103025968
712,103041757,103017902,103010755,103054816,103033867
711,103023252,103051004,103049747,103048118,103023549
710,103061383,103051497,103021921,103057871,103000236
618,103014495,103022831,103046495,103010331,103019015
421,103034088,103055396,103016299,103029823,103063588
914,103064280,103006445,103056554,103022089,103023663
423,103006802,103046413,103034269,103029722,103041705
916,103005618,103058446,103037417,103000270,103031322
911,103036949,103001764,103006443,103040492,103029865
424,103035748,103021526,103032305,103007668,103054770
913,103048664,103056378,103003054,103042435,103011789
298,103050629,103007417,103062257,103051714,103037194
299,103015124,103043468,103039748,103043529,103034276
296,103066186,103003423,103044963,103009025,103023456
297,103038889,103009759,103052786,103002472,103030935
294,103006529,103028104,103043360,103013479,103028728
295,103015483,103058011,103011833,103066304,103063261
292,103054519,103030003,103017831,103041371,103049313
293,103030492,103023066,103066033,103050663,103030356
290,103048358,103001414,103043398,103033034,103057344
291,103012664,103017933,103002180,103039891,103065700
591,103065888,103038321,103039824,103041560,103019083
590,103042650,103025307,103058113,103019186,103050144
593,103001330,103006639,103063214,103000790,103058851
592,103021597,103034207,103061912,103030658,103034941
199,103026943,103021243,103061415,103009579,103040184
594,103044333,103038683,103033382,103048607,103010459
597,103060856,103045504,103056732,100290920,103003929
596,103034028,103050653,103058083,103030653,103050450
195,103028643,103051645,103025519,103010909,103058173
194,103039255,103049392,103055490,103030238,103004352
197,103048948,103025915,103020914,103040752,103025254
196,103004527,103045188,103055488,103012830,103047147
191,103002022,103040507,103022672,103042739,103008744
190,103027863,103044445,103011048,103016997,103038721
193,103008108,103042384,103064746,103003100,103061664
192,103034560,103012544,103017366,103007811,103031939
270,103058468,103056131,103049638,103051334,103029933
271,103030876,103008498,103057938,103063946,103065617
272,103010729,103009931,103002172,103056438,103010730
273,103060123,103035304,103052996,103009956,103040093
274,103015724,103031842,103059719,103025708,103001655
275,103065749,103042905,103059003,103043754,103043620
276,103050694,103050748,103011033,103032455,103025779
277,103034597,103065693,103064474,103049658,103052115
278,103015317,103022409,103021814,103011689,103013532
279,103004313,103052927,103002149,103058467,103049547
738,103033241,103058647,103058396,103033643,103059528
569,103050595,103058697,103021924,103017313,103059399
524,103038381,103040725,103009633,103052242,103018507
525,103063915,103002863,100243730,103048761,103052027
526,103042032,103002669,103034710,103032074,103012175
527,103013402,103054799,103013016,103040578,103040996
520,103031806,103039995,103062009,103036491,103026229
521,103055052,103062750,103007642,103017254,103032849
522,103060185,103055072,103053654,103018872,103000742
523,103017543,103002159,103064271,103011144,103012086
528,103029156,103033280,103050759,103025268,103019088
529,103039274,103029742,103058405,103035814,103006190
994,103039663,103040006,103015083,103037444,103026020
449,103015151,103057112,103005290,103034939,103042774
448,103019055,103006526,103016179,103046128,103041464
345,103035979,103060139,103001089,103037969,102233495
443,103025636,103061963,103029982,103041093,103002344
442,103048793,103029099,103008593,103037373,103015466
441,103039063,103062007,103032545,103033960,103066603
440,103014641,103064296,103058511,103011887,103021927
447,103030591,103012330,103035498,103025895,103002297
446,103035430,103015119,103031691,103043566,103029121
445,103023913,103055441,103002917,103001070,103021684
444,103024489,103045637,103000620,103035028,103028775
108,103050970,103037729,103037710,103022704,103057621
109,103005410,103002327,103010738,103052206,103031635
102,103011400,103026395,103019417,103016632,103005984
103,103019151,103027480,103033801,103020374,103013386
100,103004476,103023481,103033510,103041342,103034371
101,103056181,103049551,103056935,103026513,103022263
106,103021550,103064122,103039780,103022874,103059095
107,103030086,103021258,103064750,103055631,103058803
104,103066808,103049521,103009613,103001747,103037328
105,103065084,103063839,103026886,103042434,103029165
902,103002598,103004140,103033620,103014793,103024809
903,103019686,103055218,103003960,103023850,103065188
900,103001177,103042118,103033985,103030884,103036955
38,103039756,103059120,103002365,103030529,103039610
906,103062692,103031552,103054378,103054913,103057077
907,103031766,103013107,103060246,103008586,103035967
904,103006390,103032589,103013508,103052454,103066980
905,103062625,103060875,103041363,103028453,103015743
33,103058038,103030412,103003493,103025715,103050304
32,103060045,103014132,101592007,103001917,103009130
31,103038308,103010253,103055556,103053280,103023655
909,103032396,103014800,103029628,103061852,103059162
37,103055657,103042559,103016457,103048975,103058326
36,103057357,103028202,103065987,103005962,103060669
35,103022685,103003496,103010243,103019193,103024646
34,103006769,103004881,103023784,103025501,103043503
641,103065237,103061809,103048595,103043152,103044938
640,103020011,103060687,103019737,103036188,103008064
643,103052559,103041689,103019743,103018416,103012968
642,103037777,103057501,103032840,103009521,103011821
645,103023557,103025099,103030088,103022667,103032706
644,103024621,103026268,103012005,103023722,103026388
647,103015498,103033274,103014825,103003231,103065145
439,103058642,101828907,103064760,103013385,103023809
649,103059289,102834644,103050452,103027880,103015959
437,103016938,103030087,103051017,103064912,103056454
434,103015866,103012517,103029327,103001829,103012897
435,103053271,103041554,103042537,103028645,103055367
432,103030467,103009258,103036029,103062109,103017532
433,103063800,103030019,103063824,103038973,103021439
430,103045893,103052435,103032246,103053866,103062881
431,103045916,103022503,103018654,103008715,103062093
339,103033759,103003465,103013331,103007206,103053565
338,103012874,103030992,103055805,103024012,103003609
335,103037438,103043111,103055760,103008224,103024321
334,103048954,101039892,103055439,103058379,103028792
337,103058601,103020891,103065783,103005399,103011464
336,103023608,103049174,103014690,103033339,103033328
331,103028525,103001996,103056906,103056413,103048036
330,103026266,103066595,103041476,103055100,103002992
333,103016132,103048983,103002725,103018938,103029859
332,103050114,103012043,103006455,103019463,103018554
89,103053482,103038263,103061275,103005197,103044091
744,103063241,103057479,103016499,103057194,103050556
558,103045960,103047180,103064411,103008483,103038963
854,103024856,103002299,103031246,103000220,103052438
818,103034506,103034350,103002152,103041678,103033975
856,103001983,103066512,103060838,103057628,103064381
857,103064917,103017272,103030590,103015320,103021460
850,103057687,103007989,103041954,103025651,103040603
851,103004155,103039249,103057743,103059086,103001619
852,103052064,103049182,100635449,103005686,103001526
0,103060348,103048541,103019797,103017156,103064092
858,103012418,103023313,103045307,103048425,103034750
859,103050865,103058387,103043126,103043044,103042658
555,103058305,103007078,103035763,103051401,103007996
749,103023175,103016851,103046755,103039189,103057114
151,103031325,103025129,103059641,103026439,103017499
43,103059252,103062585,103040523,103028526,103013977
99,103067011,103007221,103020255,103059805,103012246
98,103036798,103018006,103012085,103034731,103061953
91,103013947,103048862,103061868,103052301,103058148
90,103044383,103018544,103042340,103007432,103000968
93,103020222,103051390,103063542,103025901,103048313
92,103066224,103031572,103043153,102164144,103013802
95,103050916,103062742,103041610,103001665,102152568
94,103018121,103050504,103066157,103020783,103007837
96,103031990,103027186,103041793,103045256,103015771
814,103027988,100098308,103029760,103022561,103034521
349,103022070,103042561,103042898,103066168,103011257
153,103021898,103035140,103040930,103041867,103029574
740,103061791,103008656,103006703,103043581,103032624
741,103026815,103049184,103041322,103056746,101459148
742,103053304,103002841,103026900,103053480,103058372
743,103066670,103017680,103027312,103009439,103058168
559,103010476,103011378,103040363,103047944,103022305
745,103031232,103016085,103022352,103038571,103027872
746,103033284,103006478,103009989,103042276,103065748
747,103009809,103009121,103030506,103039519,103010771
748,103033848,103058584,103011841,103025144,103066462
554,103006373,103021479,103045298,103065155,103017838
557,103000480,103054706,103062895,102309079,103023502
556,103043549,103063885,103009198,103003774,103036062
551,103057444,103038511,103026565,103055096,103013664
550,103002377,103016249,103023259,103022288,103027238
553,103001229,103046166,103063738,103000602,103001029
552,103058952,103066409,103053478,103032937,103061985
238,103021371,103054417,103039250,103037625,103032496
239,103031960,103021031,103060435,103005202,103005608
234,103050798,103004603,103022647,103017727,103039202
235,103031860,103035733,103027783,103011635,103004642
236,103016357,103033723,103004543,103033398,103024713
237,103032166,103020273,103040539,103022050,103044985
230,103023612,103011744,103035153,103003712,103048855
231,103027251,103021161,103007245,103047230,103032158
232,103014218,103059875,103030719,103055810,103044916
233,103002719,103060980,103041658,103056341,103058962
1,103049334,103040915,103026445,103008447,103042447
155,103030488,103012391,103021899,103054142,103033349
146,103048808,103024021,103013645,103015027,103010937
147,103063112,103057142,103021754,103005371,103037362
144,103012743,103010247,103045429,103066933,103004705
619,103032628,103042401,103010497,103053930,103055239
142,103008029,103060556,103036820,103001753,103042250
143,103043409,103023738,103030929,103063056,103030273
140,103021343,103066110,103041178,103044730,103010586
141,103062730,103003643,103031927,103009481,103005623
612,103007271,103037156,103065996,103017917,103002242
613,103023204,103010593,103060806,103059898,103030048
610,103035884,103021253,103010862,103004675,103052811
611,103045051,103016002,103015689,103063182,103032240
616,103000658,103063221,103056486,103040517,103065927
617,103051253,103048100,101611644,103041582,103037443
614,103016261,103005976,103032577,103001348,103065917
149,103015791,103015256,103019767,103028265,103052655
912,103046876,103031406,103027057,103026939,103031076
154,103025964,103044945,103056476,103053183,103027187
951,100752437,103063481,103063493,103015210,103013737
948,103020716,103059773,103009538,103035829,103053458
949,103014419,103042302,103051270,103000509,103044360
946,103027177,103018129,101413293,103041294,103005417
947,103031032,103065828,103010143,103035912,103008438
944,103000296,103021151,103006530,103044763,103000038
945,103014644,103010059,103032112,103015433,103040194
942,103006558,103016336,103021621,103000036,103047865
943,103016785,103066174,103005833,103032639,103008996
940,103061719,103029406,103032090,103049034,103003619
941,103012822,103054834,103032884,103035224,103053664
689,103028247,103054314,103019905,103026794,103046161
688,103016287,103014258,103026837,103028006,103057775
685,103009500,103035315,103027412,103011645,103009523
684,103044914,103039677,102977610,103043224,103001198
687,103060374,103025643,103038295,103058963,103046189
686,103002381,103063371,103006956,103000119,103046795
681,103066301,103032635,103066572,103048553,103016675
680,103005391,103041394,103051625,103051372,103011069
683,103051167,103003706,103062619,103058621,103053742
682,103016797,103027505,103024047,103040581,103054107
458,103059648,103048123,103049407,103019267,103000622
622,103014212,103005805,103051234,103018016,103024917
133,103034865,103022379,103012159,103041980,103024512
132,103043744,103054631,103038656,103063237,103026364
131,103005568,103047859,103046252,103050474,103051491
130,103064721,103064887,103047846,103026386,103047528
498,103031435,103007615,103002305,103000151,103054194
136,103026067,103048264,103004960,103033603,103064653
135,103018415,103027903,103042990,103019740,103052175
134,103058751,103055936,103031979,103036568,103015277
494,103018450,103012616,103001493,103044767,103036892
495,103005596,100023453,103026948,103001039,103038533
139,103024997,103039739,103000410,103025638,103000912
138,103017412,103025328,103008159,103035288,103038654
490,103021463,103055779,103018705,103053161,103017496
491,103061527,103001112,103050596,103037358,103050769
492,103011252,103022032,103015815,103019090,103003502
493,103021515,103055516,103012899,103063817,103007906
24,103008848,103024644,103021639,103004316,103019866
25,103064809,100239439,103066519,103022261,103014795
26,103036470,103006178,103012261,103062843,103064905
27,103012021,103056856,103036473,103021368,103007121
20,103054290,103008473,103047374,103051846,103014292
21,103066619,103020589,103016746,103010375,103045511
22,103042702,103052496,103005970,103017486,103050343
23,103002817,103009542,103043710,103002000,103049763
28,103022430,103013281,103014371,103057283,103041121
29,103053124,103063283,103051950,103018613,103006039
407,103020742,103001429,103050723,103001999,103064225
406,103021041,103022453,103035201,103049081,103057802
939,103017435,103028695,103058791,103042076,103036765
404,103033297,103019789,103032315,103014127,103062293
403,103010946,103032378,103063997,103051133,103034405
402,103005364,103041200,103008998,103032298,103020158
401,103008557,103018071,103053384,103027572,103006760
400,103022778,103023224,103025452,103026929,103017440
933,103030362,103014448,103061839,103058842,103037306
932,103006277,103017294,103064849,103030942,103009098
931,103016391,103016021,103064006,103027987,103062393
930,103037485,103053843,103036655,103032989,103019583
937,103029394,103015559,103031775,103040905,103006961
629,103010650,103016205,103003678,103036164,103054532
409,103009641,103020263,103021225,103021838,103013176
934,103030149,103052968,103018062,103001942,103044896
453,103014406,103029053,103050396,103054745,103006380
183,103064754,103035567,103033658,103036001,103008520
415,103057412,103016616,103005338,103020150,103049745
379,103057517,103057610,103024991,103007636,103003185
378,103013028,103051787,103029259,103009080,103057260
829,103009634,103002905,103030028,103021487,103026404
828,103016406,103016423,103032983,103020560,103000510
371,103033689,103066155,103061684,103061516,103049812
370,103036726,103008968,103009165,103008262,103004129
827,103046218,103039881,103053140,103052456,103006400
826,103014312,103008539,103004768,103000966,103007430
821,103011039,103016838,103035159,103061238,103062431
820,103064264,103044934,103047485,103066996,103013997
823,103023925,103016771,103007151,103031788,103052932
376,103034908,103003510,103062815,103023616,103028851
708,103051585,103049860,103044989,103014859,103062018
709,103030093,103059823,103032405,103045992,103052387
704,103029331,103046245,103035654,103065375,103022390
705,103049475,103023783,103007411,103010831,103043833
706,103020668,103012314,103002880,103015646,103001487
707,103024024,103013860,103021194,103054657,103045238
700,103010529,103059197,103005838,103047140,103046065
701,103007380,103023939,103065918,103026778,103035942
702,103058262,103041588,103019471,103010877,103015125
703,103019773,103000257,103045819,103061148,103046433
393,103034724,103026252,103002130,103062607,103021801
392,103001921,103063910,103043133,103046446,103009630
88,103042915,103056491,103059335,103052892,103009283
390,103058264,103030074,103042048,103035626,103036429
397,103010370,103054533,103014989,103035243,103044471
396,103057782,103003174,103056366,103039649,103039173
395,103004251,103022873,103050383,103034747,103036671
394,103027081,103011513,103018645,103057702,103019467
82,103058016,103022248,103029240,103038547,103043188
83,103029652,103006822,103020626,103032994,103065317
80,103043804,103008923,103031543,103035116,103035152
398,103052863,103026668,103052604,103017513,103015847
86,103039178,103059450,103025694,103003058,103046813
87,103035475,103052388,103051855,103030815,103047020
84,103048269,103003451,103061043,103001980,103025132
85,103053345,103048007,103051763,103022359,103038652
797,103007044,103004648,103028087,103040937,103052791
796,103023978,103052698,103031247,103026527,103044142
795,103009828,103002452,103012189,103030116,103062307
794,103064471,103034811,103058826,103006826,103053212
793,103017535,103010962,103065048,103059359,103052662
792,103064560,103003602,103048874,103056410,103066446
791,103017284,103050226,103004179,103046710,103018503
790,103051535,103006651,103039064,103035625,103038629
799,103007315,103045863,103003785,103012906,103044430
798,103052947,103061752,103053429,103016949,103000353
7,103001621,103029737,103052558,103058845,103013719
586,103058111,103041794,103000697,103033151,103036244
587,103044530,103037221,103036000,103061060,103041640
584,103032221,103053292,103066198,103063404,103014193
585,103054555,103022680,103007679,103019221,103031205
582,103050912,103047297,103054885,103005752,103020453
583,103055645,103057017,103036867,103052925,103016829
580,103010720,103007624,103012069,103022470,103008723
581,103037134,103056890,103015961,103049994,103054527
413,103042877,103027542,103066814,103030771,103032450
588,103040216,103055842,103001718,103031664,103057985
589,103017776,103027749,103059343,103029330,103007674
245,103035770,103022500,103023141,103028392,103004008
244,103062071,103020024,103064224,103010302,103045793
247,103013754,103003943,103001852,103051544,103066299
246,103028841,103043823,103007975,103047728,103017044
241,103058506,103064058,103056778,103016784,103043451
240,103029284,103016595,103044147,103059816,103007966
243,103055886,103011870,103012520,103008592,103006672
242,103024469,103059769,103047955,103033551,103055852
615,103000897,103060238,103019702,103016776,103063392
249,103013683,103019112,103020659,103044444,101022636
248,103008934,103018553,103041328,103062234,103049192
418,103039226,103028237,103030442,103043830,103037814
419,103006825,103045775,103049126,103014465,103049154
519,103033889,103060795,103054090,103066506,103003453
518,103009003,103004494,103056245,103038504,103041193
511,103042707,103041953,103058064,103040441,103046179
510,103048409,103040550,103063816,103039466,103028041
513,103000851,103015176,103018929,103043075,103057724
512,103040343,103013263,103030622,103013926,103006681
515,103061483,103009932,103045435,103037870,103019895
514,103053932,103054343,103024458,103048037,103050388
517,103035167,103061764,102564440,103035615,103008513
516,103000022,103059346,103038996,103009078,103014087
623,103025332,103008005,103009769,103016063,103012256
459,103038672,103027515,103062804,103051711,103044489
621,103031118,103019149,103010030,103030775,103058295
620,103064360,103022990,103014631,103027165,103062890
627,103025693,103031801,103015765,103038738,103048398
626,103010594,103017581,103023333,103010284,103034900
625,103034581,103005083,103054306,103057484,103022724
624,103063185,103004591,103049885,103056422,103002223
450,103006372,103052141,103026871,103004367,103005823
451,103063761,103023133,103045595,103055612,103022659
452,103023486,103007727,103013442,103048846,103018802
628,103056440,103026591,103043649,103024935,103001113
454,103056725,103054087,103019751,103027941,103000841
455,103013827,103032001,103019477,103033007,103016411
456,103001955,103024317,103041866,103025151,103021341
457,103016416,103039409,103061699,103016552,103063476
179,103006107,103056629,103054546,103018468,103044790
178,103025222,103060318,103050163,103018396,103053749
177,103026535,103022789,103054094,103017870,103001934
595,103054157,103062577,103054213,103017466,103011600
175,103039083,103041933,103057634,103053789,103000780
174,103040268,103052860,103027688,103053318,101778070
173,103047778,103019620,103066992,103037591,103009625
172,103052195,103030751,103006556,103018578,103021555
171,103063229,103046361,103066438,103062303,103064239
170,103020704,103022743,103044352,103009166,103002635
977,103058729,103027296,103019548,103034056,103063596
976,103046796,103043598,103013094,103019042,103065821
975,103001577,103060054,103064732,103027022,103026415
974,103059089,103048522,103010697,103035119,103047935
973,103002654,103052455,103037020,103043311,103025545
972,103044641,103057566,103013954,103000431,103062651
971,103060066,103022796,103053994,103024029,103062957
970,103048134,103053896,103059910,103056865,103041535
654,103001515,103017940,103058093,103040091,103019912
979,103064707,103028279,103046112,103027420,103015344
978,103007738,103023189,103046775,103020199,103007321
656,103040138,103018950,103043812,103044353,103061410
599,103000477,103017983,103005496,103052095,103041758
180,103040089,103043772,103026157,103041152,103058513
181,103040970,103063578,103023114,103064021,103015888
652,103031967,103023190,103021433,103010842,103025496
653,103018344,103000185,103011842,103008523,103046981
184,103050643,103017376,103045936,103002679,103029286
185,103040646,103007890,103052733,103016614,103038763
186,103062301,103049609,103045694,103026153,103059344
188,103057729,103008261,103023739,103017654,103053143
189,103051631,103036738,103020188,103012745,103002250
658,103014201,103052444,103039544,103022416,103001409
187,103057325,103027744,103000833,103021113,103040751
650,103054869,103026118,103009597,103002643,103013181
651,103034432,103051001,103040148,103000915,103048801
568,103041501,103061881,103043042,103058719,103015046
11,103056021,103057997,103007587,103015421,103005532
868,103039251,103001924,103027567,103040160,103037725
13,103060666,103050966,103026049,103056102,103037414
12,103018296,103008979,103037336,103065250,103024011
15,103028542,103035841,103043835,103042604,103052669
14,100726466,103017920,103056621,103018073,103041008
17,103048684,103027755,103061402,103006200,103050395
16,103020321,103041516,103043452,103033951,103030681
19,103001793,103017348,103061369,103061855,103052755
18,103025121,103039404,103025784,103010663,103023468
863,103028665,103048567,103030848,103018346,103020617
862,103055486,103041014,103026718,103011983,103031722
865,103021324,103064010,103054166,103030707,103046638
864,103027955,103042408,103031810,103010343,103031420
867,103019318,103027350,103051720,103063832,103060734
866,103066789,103009796,103004789,103040185,103009365
659,103051066,103010052,103022238,103014005,103006094
883,103040759,103027427,103054842,103028448,103043673
882,103066759,103059087,103013247,103025944,103047026
881,103037342,103005860,103001212,103061740,103005946
880,103006673,103047714,103063043,103005062,103039882
887,103035468,103020673,103032655,103051135,103019791
886,103029415,103013501,103024945,103011750,103051680
885,103003253,103064755,103013319,103057974,103035885
884,103038017,103016818,103065581,103045068,103059994
928,103064008,103059088,103047878,103002345,103021858
889,103061529,103003998,103036235,103040505,103008171
888,103050906,103053743,103040026,103010104,103025842
116,103028474,103015889,103044631,103058691,103048189
950,103062169,103037549,103052843,103051618,103044099
657,103000122,103039964,103050205,103053976,103034656
355,103025568,103047675,103064463,103027209,103020925
322,103020686,103038223,103028894,103007103,103044386
323,103060904,103008424,103016737,103032424,103027675
320,103037856,103058728,103054780,103058568,103038371
808,103058029,103051173,103055158,103057303,103051043
326,103062536,103065789,103026609,103041870,103053455
327,103020220,103041848,103058046,103058345,103066095
324,103032857,103049548,103031673,103026509,103019259
325,103002017,103056145,103034594,103011985,103026136
328,103027109,103063310,103024342,102025955,103036650
329,103010518,103055380,103033147,103051709,103056505
759,103011847,103038357,103052007,103056625,103003677
201,103041542,103028443,103064349,103009401,103004888
200,103008480,103050877,103016405,103018547,103027644
203,103043108,103065085,103010943,103052825,103008629
776,103066541,103013108,103065345,103010789,103060614
205,103054578,103033559,103019641,103014007,103017691
204,103048829,103050738,103028835,103024284,103055736
207,103052384,103040770,103046286,103026869,102797342
206,103063985,103045906,103059656,103039389,103051264
209,103066745,103023483,103014803,103007427,103056770
208,103021059,103044033,103044862,103051622,103026058
779,103022369,103013979,103051998,103005203,103047546
778,103020680,103027994,103009362,103058450,103055503
77,103009396,103051164,103012198,103016323,103065786
76,103050062,103037513,103046630,103059196,103037401
75,103047617,103002104,103055531,103050382,103025885
74,103022301,103019328,103057455,103009784,103066567
73,103005402,103005260,103008233,103026539,103033298
72,103004401,103054127,103051163,103025318,103048329
71,103038902,103045301,103021698,103037060,103007001
70,103056375,103025437,103055257,103026236,103020575
655,103045046,103036139,103027935,103053109,103053823
79,103060646,103056386,103041946,103037097,103032365
78,103009607,103065564,103059598,103011984,103037702
2,103060996,103055828,103038482,103021636,103020842
805,103028749,103050478,103024206,103039212,103060364
358,103027294,103059885,103005014,103048396,103038082
669,103021620,103022007,103061014,103041636,103052725
668,103026086,103046369,103051509,103061888,103036656
667,103051295,103002582,103023105,103036511,103040406
665,103062902,103055372,103051864,103004688,103003654
664,103029983,103004248,103036862,103028596,103006464
663,103063812,103059616,103028126,103021150,103053218
662,103021580,103004794,103012861,103014271,103019176
661,103054084,103030408,103066489,103066185,103030559
660,103065867,103039133,103033173,103065511,103053153
769,103024685,103015729,103045845,103022963,103024742
692,103041766,103021664,103027560,103051955,103066912
693,103031190,103010901,103052890,103045806,103025080
690,103034911,103023428,103025420,103024279,103044638
691,103005060,103038615,103022865,103006911,103018109
696,103013088,103053139,103066514,103063423,103044237
697,103057037,103033622,103053291,103015799,103014356
694,103048496,103060654,103022953,100151312,103015302
695,103016220,103051679,103066278,103000123,103057896
698,103005927,103024947,103016730,103004937,103026752
699,103045922,103004779,103036040,103048968,103006885
542,103026883,103002201,103043932,103049560,103059075
543,103052661,103036632,103025884,103019325,103049372
540,103042747,103040025,103024682,103007199,103033271
541,103049217,103040884,103044199,103058394,103061293
546,103037572,103032511,103041016,103035856,103007204
547,103041940,103003679,103032306,103028550,103064832
544,103019415,103050929,103027993,103011965,103041025
545,103022509,103005061,103066012,103007081,103063183
8,103008954,103060230,103044612,103005007,103045885
548,103003057,103059349,103034523,103064150,103012303
549,103062193,103006076,103038346,103054475,103009807
598,103051031,103009231,103010968,103056059,103016048
995,103020105,103012841,103027162,103010567,103021788
869,103025584,103003120,103025202,103034048,103024230
997,103054760,103029755,103022117,103058037,103026859
996,103030838,103046677,103001447,103037750,103036864
991,103031103,103007437,103031220,103013873,103046851
990,103032971,103039095,103048421,103028415,103023833
993,103039695,103016232,103037076,103054181,103045979
992,103064645,103009179,103057066,103019371,103032726
999,103019757,103024209,103006295,103002919,102978797
998,103054522,103050739,103018980,103014055,103012671
120,103028640,103060493,103033033,103037305,103045248
121,103048001,103003946,103025962,103057257,103041928
122,103030655,103012722,103049013,103012842,103026460
123,103000873,103036870,103061147,103037577,103026140
124,103036249,103029805,103049802,103057741,103000319
125,103015437,103048730,103029102,103034906,103039302
126,103006073,103062035,103035674,103033928,103015141
127,103020808,103061793,103006486,103018792,103027322
128,103038304,103054645,103060733,103017945,103041906
129,103051799,103001128,103054552,103023202,103028816
765,103039112,103000603,103021190,103010269,103049528
176,103000543,103054561,103064507,103054986,103011173
214,103034487,103007036,103009311,103061835,103013945
777,103039608,103044913,103034336,103026556,103016709
563,103017679,103038756,103063345,103005770,103020917
414,103011158,103005670,103009009,103005433,103048532
929,103041983,103052603,103024405,103023489,103063334
416,103063384,103035240,103058758,103058092,103049435
417,103028809,103012249,103037255,103019889,103008011
410,103020638,103001204,103053221,103014390,103049078
411,103033592,103039939,103026987,103042668,103056256
412,103025431,103006362,103053270,103011812,103035846
860,103053172,103039722,103018252,103040733,103027220
920,103045801,103002047,103002163,103062348,103038787
137,103042821,103017170,103056600,103033375,103040822
922,103013684,103048430,103052772,103012922,103019717
923,103014650,103037144,103021949,103058935,103001250
924,103021736,103058489,103040065,103029723,103041833
925,103039415,103019792,103063441,103007410,103059154
926,103037749,103025018,103052194,103038890,103014173
927,103064855,103027132,103023339,103063959,103058478
319,103035112,103013917,103021045,103056277,103042891
318,103054177,103055545,103016513,103052734,103007939
313,103057491,103045858,103010066,103049876,103059238
312,103008743,103038706,103057211,103064285,103029337
311,103033590,103041259,103006565,103019159,103062170
310,103043865,103047576,103063600,101915897,103006075
317,103008036,103011886,103011849,103003045,103000489
316,103013035,103049076,103019963,103055990,103018176
315,103053947,103038203,103006970,103065151,103049755
314,103005871,103041411,103020586,103050541,103029413
921,103065139,103019290,103039764,103017175,103035319
496,103016885,103041204,103026997,103024386,103003653
832,103030892,103017811,103030801,103052214,103008503
833,103028882,103006543,103023230,103050334,103018879
830,103036091,103024313,103000691,103028418,103025548
497,103036453,103028664,103061163,103023803,103059212
836,103062494,103034732,103020890,103045115,103013222
837,103064734,103000877,103012717,103033934,103044098
834,103039070,103020721,103038679,103011430,103034237
835,103043371,103036918,103034278,103009635,103049274
838,103066722,103011483,103017577,103022335,103048463
839,103001181,103019819,103054060,103061251,103050510
3,103001160,103004695,103057016,103030069,103020379
368,103053400,103000974,103005339,103007868,103037699
369,103058813,103013611,103031108,103032902,103002207
366,103031052,103043580,103050851,103055636,103040229
367,103005432,103036110,103005891,103000323,103011882
364,103015829,103013031,103055584,103039795,103008492
365,103066145,103021628,103049100,103002338,103009502
362,103040357,103051905,103024381,102000432,103031402
363,103054023,103028575,103041619,103058797,103051144
360,103037416,103065900,103006289,103023746,103045402
361,103010607,103010610,103034990,103051277,103066630
10,103020203,103060995,103046240,103048544,103009705
218,103066568,103043775,103010865,103035048,103027512
952,103037648,103019992,103003173,103031498,103062124
380,103006446,103049833,103039145,103060798,103064426
861,103031111,103014435,103040264,103009008,103054888
383,103065961,103010167,102585113,103044849,103020595
385,103005170,103058897,103010439,103061940,103053181
386,103058971,103050710,103036578,103015836,103051737
387,103064566,103066335,103060249,103064458,103031749
388,103037824,103000551,103059744,103006980,103037110
389,103035994,103028169,103057422,103033209,103036593
784,103002135,103061632,103034426,103053963,103064550
785,103047687,103015730,103015620,103025392,103028423
786,103006040,103032688,103006255,103022701,103024505
787,103055547,103042376,103005771,103023665,103065881
780,103064089,103031382,103042607,103036735,103062852
781,103026046,103000423,103036365,103055781,103053895
782,103040589,103043413,103036913,103047744,103002842
381,102510617,103028266,103024905,103000951,103055780
148,103006650,103056504,103057947,103037717,103011803
788,103006783,103017792,103029115,103061533,103054253
789,103025816,103016378,103043955,103031424,103041215
6,103013167,103014895,103018817,103056693,103065270
579,102463072,103032270,103011157,103039717,103054671
578,103046197,103014346,103034171,103060225,103022640
150,103027507,103030330,103004121,103042853,103046724
573,103035157,103062003,103046717,103011679,103040183
572,103017632,103038816,103061472,103024475,103008363
571,103057381,103055960,103017899,103061603,103045199
570,103056387,103058991,103053552,103062899,103030768
577,103029147,103046335,103039782,103066799,103000291
576,103063456,103018644,103042299,103013525,103059437
575,103045890,103011634,103061770,103042106,103063453
574,103047095,103036883,103003670,103036836,103018847
60,103059453,103040390,103044285,103009591,103034842
61,103061957,103058607,103066194,103008814,103049877
258,103042609,103033680,103032631,103015263,103028861
63,103065064,103039855,103044392,103011715,103001873
64,103055146,103057864,103020072,103015999,103052858
65,103016674,103062224,103030360,103057755,103059622
66,103012709,103045855,103025705,103058070,103017206
67,103052320,103005661,103031464,100643714,103003210
68,103030917,103017697,103021990,103035750,103056284
69,103036132,103034082,103013747,103045251,103060817
250,103043052,103049878,103038202,103026124,103025829
251,103010619,103052241,103059400,103056884,103024823
256,103011391,103038958,103030541,103040240,103021044
257,103066923,103016247,103020151,103018394,103026038
254,103029251,103064037,103016670,103062991,103047421
255,103027664,103030232,103034921,103059052,103058206
499,103043730,103013291,103042398,103061216,103026681
157,103000026,103032013,103043854,103051754,103005665
156,103039515,103022044,103046731,103043415,103046002
731,103012975,103022357,103032297,103035432,103007994
730,103006007,103054557,103012730,103034575,103004814
733,103046818,103066561,103001824,103003252,103001847
938,103032995,103033368,103058267,103036977,103019093
735,103019524,103032502,103005720,103026768,103009479
734,103037040,103047577,103034877,103036996,103048562
737,103043361,103040368,103061758,103014565,103042480
736,103019453,103006088,103004344,103024151,103023597
506,103040683,103024503,103036880,103054295,103016226
507,103024198,103015289,103050089,103047672,103038355
504,103029924,103028517,103026270,103060921,103060410
505,103063312,103033032,103066879,103017958,103051392
502,103044085,103006406,103055766,103010248,103062533
503,103006487,103054266,103017301,103046633,103023095
500,103062704,103000152,103012559,103021292,103043007
501,103013393,103000563,103015517,103035046,103035062
630,103057733,103037700,103031923,103037004,103013408
631,103003134,103001763,103018381,103036575,103015338
632,103037226,103002891,103026521,103006196,103010299
633,103061230,103061179,103031677,103003963,103029506
469,103021357,103046616,103053625,103000177,103038579
468,102089923,103003804,103015215,103054333,103039030
636,103057805,103016904,103033104,103040393,103016724
637,103061821,103013077,103063530,103004972,103034596
465,103023571,103017678,103020254,103007533,103011725
639,103046758,103001183,103033640,103011642,103027553
467,103013697,103000243,103053726,103006972,103030259
466,103045809,103002461,103013225,103044092,103002935
461,103062982,103002204,103034129,103010011,103047047
39,103048919,103015340,103045700,103025197,103018744
463,103022323,103050175,103000374,103013004,103054100
462,103038290,103017279,103019615,103024896,103041203
901,103053847,103012858,103034907,103055163,103027247
168,103031950,103000635,103055821,103012171,103065500
169,103064972,103052211,103002116,103028818,103008330
164,103051815,103007540,103019877,103024714,103047652
165,103056604,103028537,103010502,103021703,103022145
166,103064396,103022031,103011124,103030266,103041296
167,103019424,103047321,103026577,103040346,103011410
160,103010211,103028720,103060937,103056165,103039845
161,103008860,103024254,103052130,103011545,103040761
162,103062470,103027795,103018448,103052809,103045396
163,103024722,103002501,103041386,103028387,103013415
964,103016782,103053418,103059128,103014179,103039701
965,103030826,103066773,103046888,103064130,103011948
966,103065189,103037044,103007580,103039694,103052278
967,103062888,103053411,103060385,103002233,103062763
960,103063583,103036649,103036778,103034556,103041544
961,103026221,103058199,103059338,103016149,103005709
962,103009487,103019303,103060305,103061819,103063068
963,103004629,103045391,103010161,103024839,103009767
783,103066643,103003074,103041214,103026687,103019710
968,103047886,103046968,103053246,102019829,103025604
969,103045751,103032371,103050101,103013019,103022417
936,103034624,103042733,103050316,103011422,103055787
935,103050135,103046099,103057694,103054144,103004545
408,103008512,103012114,103031957,103060891,103047307
908,103025807,103044194,103035914,103028359,103028965
30,103025739,103052520,103021462,103053707,103044905
878,103038559,103062152,103039538,103052052,103005792
879,103030237,103002625,103038188,103045610,103061095
876,103063464,103065527,103049906,103001098,103028297
877,103001971,103063662,103033709,100131887,103004717
874,103019672,103021648,103038593,103020782,103058031
875,103066208,103028632,103039605,103055550,103017984
872,103066590,103012511,103016812,103028744,103058203
873,103045218,103065407,103066063,103042512,103060172
870,103010433,103039828,103026803,103007338,103053461
871,103060895,103060844,103065298,103046908,103031509
9,103011958,103036194,103053210,103020568,103037647
890,103036803,103000659,103003582,103024318,103052543
891,103061737,103040387,103014915,103058879,103029956
892,103056478,103048828,103045857,103066727,103000458
893,103033819,103050494,103064449,103039337,103058830
894,103013976,103041120,103065194,103049045,103058039
895,103054129,103062476,103023672,103024869,103003896
896,103058044,103052450,102882736,103001073,103000834
897,103034089,103062715,103045012,103048089,103035538
898,103012883,103065508,103058512,103041799,103056875
899,103004417,103054196,103009106,103009032,103040354
646,103046776,103057672,103021355,103014469,103050003
436,103066545,103052552,103043338,103059093,103028762
648,103064392,103035206,103006442,103007627,103063706
357,103049714,103017655,103059749,103066229,103033041
356,103007770,103057409,103033079,103037841,103057845
809,103013705,103018295,103004114,103011390,103019431
354,103025084,103046772,103004327,103063495,103004468
353,103049977,103046859,103036323,103022180,103055604
352,103026564,103050620,103065816,103052176,103019308
351,103006905,103048122,103039656,103045267,103017521
350,103044839,103001454,103056175,103057913,103022458
803,103055121,103001948,103014732,103047877,103031156
802,103040173,103042928,103042284,103009837,103058556
801,103057725,103065437,103033715,103045851,103048900
800,103020356,103007671,103052986,103023558,103029550
807,103004203,103063753,103060299,103047175,103054664
806,103047053,103066653,103027523,103012453,103036517
359,103020768,103042790,103044482,103033947,103012726
804,103048741,103058018,103027538,103037899,103056091
216,103000768,103016152,103040071,103049695,103044899
217,103011690,103004226,103019046,103065526,103018871
768,103006364,103027138,103019119,103044721,103032834
215,103039623,103049980,103046528,103040566,103007069
212,103046115,103015843,103056716,103033802,103050015
213,103048354,103030908,103061927,103006616,103041888
210,103044954,103060548,103037745,103001031,103027766
211,103022958,103023072,103011693,103028280,103062424
762,103058524,103028067,103028162,103062637,103050730
763,103054529,103032217,103021160,103046274,103037423
760,103034963,103045482,103045305,103000312,103036995
761,103012836,103030153,103049057,103057931,103013780
766,103004183,103023025,103011055,103057092,103026738
767,103034421,103063582,103022190,103048166,103029767
764,103006216,103032057,103050701,103010047,103036987
219,103029681,103036058,103065541,103032348,103009509
957,103018846,103012798,103034120,103027571,103009000
41,103045699,103019694,103040909,103031042,103053251
438,103047648,103027638,103004227,103012528,103063571
831,103024829,103064472,103008415,103011536,103053392
289,103036195,103016854,103050515,103003666,103030792
288,103026213,103046381,103017492,103011768,103063207
321,103066471,103046497,103022710,103052308,103035035
4,103041912,103053116,103015434,103057012,103061125
280,103035077,103012780,103032280,103011372,103009139
283,103056221,103014954,103043475,103052949,103049206
282,103062370,103040624,103050459,103014779,103037014
285,103039703,103057434,103034363,103012817,103001547
284,103048226,103033154,103037675,103016689,103017534
287,103048085,103016727,103048309,103033922,103048273
286,103030183,103006850,103018737,103015410,103023123
678,101805446,103027311,103036388,103031861,103040470
679,103011414,103056265,103064464,103012540,103016365
674,103040926,103046050,103058115,103054907,103035487
675,103027173,103016920,103060635,103041847,103046936
676,101804009,103050882,103027905,103039377,103007300
677,103053108,103040882,103044781,103057965,103007056
670,103059329,103001117,103014039,103006877,103051097
671,103023541,103022930,103041434,103065835,103054198
672,103004078,103012918,103013504,103056170,103062802
673,103001561,103033403,103037277,103031994,103013160
263,103036237,103055432,103028814,103003139,103045915
262,103035229,103039346,103039392,103046067,103016116
261,103008282,103057661,103003738,103025923,103027891
260,103016601,103043539,103060958,103014319,103054808
267,103054160,103033959,103024241,103060175,103056132
266,103023407,102604908,103038500,103011767,103038164
265,100826227,103056507,103030359,103026030,103051764
264,103028865,103045207,103061244,103029527,103000728
269,103018147,103027804,103031281,103043981,103044385
268,103023908,103042352,103052104,103064221,103042576
182,103003741,103036460,103035166,103022153,103007631
59,103033354,103024294,103005706,103010893,103017391
58,103050438,103048374,103005165,103047372,103047167
55,103036055,103006082,103025204,103043787,103002283
54,103024300,103042875,103010664,103029734,103042973
57,103047805,103046116,103045693,103045449,103066360
56,103011719,103025673,103053675,103011294,103035508
51,103055047,103002108,103048579,103063011,103065559
50,103000275,103063772,103017765,103039116,103046574
53,103052076,103046498,103042465,103029895,103019428
52,103057851,103009249,103017761,103053536,101423221
537,103017101,103018866,103025849,103013364,103063903
536,103000271,103026462,103020487,103062386,103060279
535,103042153,103024613,103062332,103023246,103055539
259,103045035,103021263,103030447,103034055,103055369
533,103016972,103046624,103058461,103003702,103058850
532,103041478,103041565,103043258,103058575,103013132
531,103024768,103041890,103056317,103051796,103064436
530,103062272,103058632,103045417,103022389,103051344
152,103034832,103003824,103026773,103034357,103031122
539,103008634,103000211,103047819,103024056,102910513
538,103037321,103064091,103008074,103008804,103052466
775,103016567,103036904,103047903,103053579,103065775
988,103043474,103006840,103043690,103041827,103031045
989,103000773,103013521,103049974,103038498,103028829
774,103058416,103024638,103028697,103035773,103012459
982,103013717,103066248,103052051,103028556,103046944
983,103014483,103027306,103015762,103001009,103034825
980,103051429,103017080,103012182,103061696,103020128
981,103009679,103061416,103031031,103057812,103022123
986,103048745,103027843,103064578,103047406,103037825
987,103010703,103038848,103025697,103011866,103044947
984,103023991,103064659,103058232,103016240,103003122
985,103050327,103013150,103042522,103023799,103032076
115,103020318,103012576,103005010,103053330,103012133
252,103001685,103017300,103003334,103009661,103016410
117,103059046,103033433,103017439,103028408,103043743
202,103061605,103042332,103057202,103056393,103016523
111,103011062,103027939,103058542,103057957,103038582
110,103058953,103027859,103055023,103064596,103032384
113,103010301,103025824,103048210,103064878,103038994
253,103039455,103024154,103017143,103054457,103021731
771,103064660,103041424,103052399,103040929,103023257
119,103002619,103038668,103000170,103045064,103055978
118,103032055,103012557,103010849,103047474,103057280
770,103024375,103062759,103026734,103060218,103006434
773,103023199,103013099,103051560,103011949,103037875
772,103007752,103051423,103060312,103022955,103036548
953,103040537,103029158,103000779,103059460,103038436
429,103025130,103026571,103019857,103041017,103048205
428,103061668,103049756,103007716,103041092,103010106
534,103038133,103002453,103044555,103044373,103052633
919,103005964,103066024,103042613,103007006,101134882
918,103034256,103023800,103008187,103004257,103001696
915,103040851,103025385,103024277,103002924,103012372
420,103031854,103006569,103035802,103019954,103041292
917,103009865,103065911,103052581,103066520,103032586
422,103020616,103015716,103015497,103066396,103037724
425,103019350,103026954,102363924,103021937,103048092
910,103002208,103053569,103016948,103046183,103002671
427,103006402,103035318,103047217,103052589,103029420
426,103040595,103064370,103030295,103020711,103024468
308,103050233,103066951,103036591,103012172,103034740
309,103053476,103031293,103007053,103060043,103056793
855,103014335,103053529,103002939,103007576,103037531
300,103056977,103022922,103049712,103011703,103029306
301,103019023,103055587,103049162,103016610,103018164
302,103001550,103001646,103017197,103042564,103010121
303,103000904,103056120,103002346,103020361,103011486
304,103032866,103052392,103060154,103030922,103034250
305,103028435,103009232,103063657,103011008,103042801
306,103019761,103017388,103011373,103014583,103054637
307,103054302,103063126,103030885,103007018,103037639
825,103045187,103059914,103001028,103017550,103045105
824,103021999,103004244,103013889,103011109,103046842
373,103050802,103010035,103002672,103049570,103063539
847,103010010,103009022,103033880,103020256,103039563
846,103060851,103027599,103024514,103057235,103040214
845,103041122,103009410,102768702,103037018,103043850
844,103006675,103030206,103037609,103059632,103000566
843,103062833,103034096,103042383,103057637,103018897
842,103017350,103006281,103042007,103009403,103003553
841,103055107,103002020,103054548,103008193,103032196
840,103005517,103066339,103004335,103032914,103056139
375,103000956,103022742,103005849,103065336,103016012
853,103045309,103029756,103033647,103023832,103023712
849,103057524,103000865,103052164,103043134,103024078
848,103006618,103003848,103045038,103041065,103027615
377,103003440,103009343,103034833,103014379,103002500
822,103006821,103000599,103031692,103016251,103035007
62,103017901,103034107,103026123,103021873,103042574
145,103001294,103001498,103000154,103002742,103026673
732,103061379,103066356,103037489,103050488,103033066
753,103039375,103056112,103011944,103031191,103028355
752,103053385,103005376,103034306,103005231,103007460
751,103036026,103014719,103041918,103006063,103001066
750,103025207,103009859,103031454,103027857,103052746
757,103033847,103022403,103018070,103014357,103026295
756,103028174,103056197,103027958,103021237,103063222
755,103037980,103054997,103058125,103064321,103057423
754,103045951,103050367,103050067,103006855,103021903
560,103015845,103009747,103032871,103028492,103030683
561,103044600,103040224,103053158,103021612,103006028
562,103015722,103021360,103019522,103049950,103042771
758,103025448,103054069,103028592,103033058,103052696
564,103005551,103063017,103033056,103027824,103062756
565,103044438,103064818,103007331,103047168,103052711
566,103013277,103026731,103032752,103009409,103053005
567,103011704,103004581,103028922,103033531,103016764
739,103059697,103041295,103052575,103056015,103023110
229,103065747,103037280,103019021,103005936,103058833
228,103005897,103046534,103047244,103064159,103002449
227,103048770,103028460,103047849,103044774,103064047
226,103011688,103014123,103041495,103017563,103003324
225,103030628,103011592,103036111,103033600,103061769
224,103007864,103033541,103038622,103024667,103042162
223,103064022,103041668,103015101,103040563,103024031
222,103005827,103023771,103054006,103015418,103000835
221,103010999,103007381,103009714,103036336,103015561
220,103022140,103021837,103045850,103029316,103015818
114,103002601,103044547,103014945,103015592,103037054
391,103064952,103001679,103030519,103063537,103046648
726,103050867,103023135,103057632,103055854,103005367
727,103045270,103012486,103050116,103064406,103036894
724,103059028,103002068,103021709,103063469,103033128
725,103015095,103032623,103065397,103011445,103003422
722,103016832,103042268,103020834,103001765,103003288
723,103050232,103027850,103019298,103032615,103060600
720,103001607,103030777,103004035,103035351,103030249
721,103035251,103040275,103000766,103044841,103029857
372,103002013,103002489,103025184,103044003,103034851
728,103006809,103066139,103058864,103032179,103020215
729,103047586,103003511,103008098,103062629,103018615
605,103064228,103049054,103016998,103045552,103066364
604,103031432,103013844,103025356,103032234,103020162
607,103030473,103046180,103056163,103049326,103042669
606,103005005,103037578,103038824,103063940,103061701
601,103056159,103039797,103050613,103049399,103034473
600,103054681,103064933,103047051,103066886,103009050
603,103019977,103028561,103049137,103064726,103026259
602,103011923,103045718,103028396,103047448,103020138
159,103051657,103024265,103017947,103044757,103044851
158,103053952,103059313,103001712,103010462,103059414
112,103047077,103051065,103024849,103053751,103025859
609,103050093,103024299,103047563,103051946,103009640
608,103051868,103028021,103005918,103043367,103047644
634,103050102,103031078,103055447,103034406,103019851
399,103007715,103055797,103045047,103015447,103023967
635,103055051,103058285,103016486,103046348,103024582
959,103018795,103046709,103036871,103031611,103031374
958,103056546,103060277,103024143,103043838,103034529
81,103001170,103000860,103011136,103050967,103009419
48,103065636,103058437,103056490,103007341,103013349
49,103000440,103038923,103000467,103000473,103034711
46,103004391,103020606,103025925,103053058,103013870
47,103047330,103060591,103037361,103030854,103013725
44,103016430,103001831,103066436,103016612,103000194
45,103047482,103057559,103058278,103009939,103032749
42,103028487,100325131,103003462,103056531,103039761
954,103051085,103022440,103044145,103005520,103028436
40,103021802,103019904,103024549,103029297,103036403
956,103039121,103046120,103008295,103012251,103057152
638,103024513,103063693,103038543,103022134,103054240
5,103016283,103004394,103020491,103002463,103031048
374,103036516,103065833,103042685,103008087,103045434
508,103005316,103043597,103065642,103029268,103053545
460,103025110,103004851,103042907,103032938,103015409
488,103001365,103015504,103001506,103055867,103030377
487,103059165,103021797,103021127,103021097,103062981
486,103008478,103007728,103061437,103021957,103064185
485,103050665,103033228,103033302,103016919,103056184
484,103016372,103031652,103039894,103056371,103008104
483,103048575,103037948,102305359,103039182,103049370
482,103009358,103029936,103056292,103002909,103031036
481,103000928,103061695,103009806,103050691,103065379
480,103015404,103058103,103015969,103006432,103051548
509,103019001,103036203,103051023,103003969,103036521
955,103009774,103038463,103038324,103004865,103040388
472,103055892,103024576,103004811,103065822,103011656
473,103014262,103065010,103021574,103007093,103037006
470,103043028,103042402,103031893,103020240,103030209
471,103026464,103019864,100463263,103015545,103029840
477,103055557,103031670,103044397,103016320,103058404
474,103039529,103038192,103035284,103033158,103029148
475,103003311,103058994,103024804,103020503,103031870
478,103019333,103039006,103020963,103017394,103022604
479,103063142,103060051,103048016,103035343,103063829
382,103063877,103059839,103001059,103001139,103020381
281,103027647,103027476,103055737,103043524,103062432
489,103042138,101797370,103006541,103054755,103024400
